{
  "mae": 0.910272961128049,
  "rmse": 1.2392356668249656,
  "mse": 1.535705037931117,
  "mape": 3.183478936798672,
  "r2": 0.9670540527341961,
  "directional_accuracy": 88.40579710144928,
  "n_samples": 1312
}