{
  "model_name": "LSTM_20260124_184927",
  "model_type": "lstm",
  "target": "temperature",
  "test_samples": 1591,
  "metrics": {
    "mae": 2.6012880221018615,
    "rmse": 3.4313546175204688,
    "mape": 97.21976729128765,
    "mse": 11.774194511179044,
    "mean_error": 0.01243416182579748,
    "std_error": 3.431332088679079,
    "r2": 0.9035055870567881,
    "directional_accuracy": 53.64779874213836
  },
  "timestamp": "2026-01-24T19:02:51.549275"
}