{
  "model_name": "v20260124_182123",
  "model_type": "lstm",
  "target": "temperature",
  "test_samples": 1591,
  "metrics": {
    "mae": 2.6131386446997777,
    "rmse": 3.447088479750939,
    "mape": 98.44629273891074,
    "mse": 11.882418987231638,
    "mean_error": 0.14184835339251894,
    "std_error": 3.4441686996823293,
    "r2": 0.9026186425381744,
    "directional_accuracy": 53.39622641509434
  },
  "timestamp": "2026-01-24T19:02:59.479487"
}