{
  "model_name": "v20260124_174712",
  "model_type": "xgboost",
  "target": "temp_max",
  "test_samples": 1592,
  "metrics": {
    "mae": 3.104174883649848,
    "rmse": 4.021477751543125,
    "mape": 52.67090742158157,
    "mse": 16.17228330615634,
    "mean_error": -0.2742560769555314,
    "std_error": 4.012115017096257,
    "r2": 0.884541599372248,
    "directional_accuracy": 49.65430546825896
  },
  "timestamp": "2026-01-24T19:02:55.437607"
}