{
  "model_name": "v20260124_175309",
  "model_type": "prophet",
  "target": "temp_max",
  "test_samples": 1062,
  "metrics": {
    "mae": 4.177021955305268,
    "rmse": 5.346973953219624,
    "mape": 57.929249291947194,
    "mse": 28.590130456409096,
    "mean_error": -0.6131352909596574,
    "std_error": 5.311703641148376,
    "r2": 0.7881560140590533,
    "directional_accuracy": 51.36663524976437
  },
  "timestamp": "2026-01-24T19:02:57.638961"
}