{
  "model_name": "XGBoost_20260124_184642",
  "model_type": "xgboost",
  "target": "temp_max",
  "test_samples": 1592,
  "metrics": {
    "mae": 3.106024383147008,
    "rmse": 4.009973186547925,
    "mape": 54.63520056982163,
    "mse": 16.079884956833318,
    "mean_error": -0.2108509143861245,
    "std_error": 4.0044259075098205,
    "r2": 0.8852012567274601,
    "directional_accuracy": 50.09428032683847
  },
  "timestamp": "2026-01-24T19:03:01.182861"
}